mean_fit_time,std_fit_time,mean_score_time,std_score_time,param_max_depth,param_min_samples_leaf,param_min_samples_split,param_n_estimators,params,split0_test_score,split1_test_score,split2_test_score,split3_test_score,split4_test_score,mean_test_score,std_test_score,rank_test_score
24.257944202423097,0.3271148338097797,0.2589415073394775,0.0268635338743118,,1,2,500,"{'max_depth': None, 'min_samples_leaf': 1, 'min_samples_split': 2, 'n_estimators': 500}",0.34379128356847505,0.31308798847588565,0.3310918854824794,0.32865597575443717,0.36466352201335556,0.3362581310589266,0.01723341514589755,8
55.64278645515442,5.912276493446996,0.5834529876708985,0.16903999222034313,,1,2,1000,"{'max_depth': None, 'min_samples_leaf': 1, 'min_samples_split': 2, 'n_estimators': 1000}",0.34854264231080395,0.31240542873852,0.33460749771509296,0.330324555812099,0.36547678016102153,0.33827138094750747,0.017839597025218756,3
111.70231547355652,6.833693656041521,1.0234013080596924,0.15275279229580746,,1,2,1500,"{'max_depth': None, 'min_samples_leaf': 1, 'min_samples_split': 2, 'n_estimators': 1500}",0.348592357354518,0.3104955150490974,0.33391538483351163,0.33084150791107947,0.36412451408642726,0.33759385584692675,0.017990487973772378,5
152.10502285957335,4.859026720349773,1.1788055896759033,0.1352388779336875,,1,2,2000,"{'max_depth': None, 'min_samples_leaf': 1, 'min_samples_split': 2, 'n_estimators': 2000}",0.3474779638119321,0.31231113400323635,0.33354210780567356,0.3318210218400427,0.3662692784119186,0.3382843011745606,0.017925123008106378,2
34.40515842437744,0.9006264516108582,0.20401535034179688,0.02526970775893558,,1,5,500,"{'max_depth': None, 'min_samples_leaf': 1, 'min_samples_split': 5, 'n_estimators': 500}",0.3314756653215775,0.2977934956143958,0.32026337169840957,0.31648853155693996,0.35239880279605273,0.3236839733974751,0.01799468604632956,34
62.60519919395447,1.7647417893087518,0.3155089855194092,0.018439846902663027,,1,5,1000,"{'max_depth': None, 'min_samples_leaf': 1, 'min_samples_split': 5, 'n_estimators': 1000}",0.3317023760446307,0.29908243947538665,0.3243596485871906,0.3142686312136284,0.3460663811688101,0.32309589529792926,0.01586113776574046,40
96.73852124214173,3.58067540909098,0.8947112083435058,0.23193386490692855,,1,5,1500,"{'max_depth': None, 'min_samples_leaf': 1, 'min_samples_split': 5, 'n_estimators': 1500}",0.3304787910116777,0.2948767682905363,0.3210176430029122,0.3157775582897186,0.348369541979722,0.32210406051491336,0.017564407207526486,44
142.2025074005127,4.40789956871571,0.8659149169921875,0.08987769328696163,,1,5,2000,"{'max_depth': None, 'min_samples_leaf': 1, 'min_samples_split': 5, 'n_estimators': 2000}",0.3321969961410532,0.2961214307712207,0.32327382011155087,0.31587155332952943,0.35048414166944847,0.3235895884045605,0.01795311628695371,36
33.90026798248291,0.7732780942991031,0.16061067581176758,0.0194834145254367,,1,10,500,"{'max_depth': None, 'min_samples_leaf': 1, 'min_samples_split': 10, 'n_estimators': 500}",0.31669233398781643,0.2847563729806885,0.31012211941759726,0.30587909459392887,0.3369347241542573,0.3108769290268577,0.016856210466695887,103
66.43684339523315,1.0418822302121071,0.34230670928955076,0.03712907139207992,,1,10,1000,"{'max_depth': None, 'min_samples_leaf': 1, 'min_samples_split': 10, 'n_estimators': 1000}",0.31743438145908015,0.2855315010166231,0.31235391162324627,0.30315293917771485,0.3360977681002419,0.31091410027538124,0.016633197018369614,102
95.34042067527771,1.9281566739112523,0.4542987823486328,0.01924872594987988,,1,10,1500,"{'max_depth': None, 'min_samples_leaf': 1, 'min_samples_split': 10, 'n_estimators': 1500}",0.31692649706408255,0.2857873555560704,0.3114836545832581,0.3056729243826623,0.33569125617139384,0.3111123375514934,0.016180281186613236,101
124.5905529499054,1.8968767690572728,0.6606791496276856,0.08490004398251667,,1,10,2000,"{'max_depth': None, 'min_samples_leaf': 1, 'min_samples_split': 10, 'n_estimators': 2000}",0.31900619394515595,0.28553739225402297,0.3111266462094508,0.30442942071006157,0.33590738682367327,0.3112014079884729,0.016587990708194084,98
31.21109046936035,0.828298493975659,0.18868498802185057,0.02025970949740178,,2,2,500,"{'max_depth': None, 'min_samples_leaf': 2, 'min_samples_split': 2, 'n_estimators': 500}",0.3323273074737818,0.3092540758727781,0.3242630479435754,0.3184894315237902,0.35050326246009406,0.3269674250548039,0.01396865599139405,21
62.931237649917605,0.5797692707029495,0.34389581680297854,0.02847534464216813,,2,2,1000,"{'max_depth': None, 'min_samples_leaf': 2, 'min_samples_split': 2, 'n_estimators': 1000}",0.3351782134219774,0.3088188844772058,0.324300697790163,0.317465012855557,0.3515675376617778,0.32746606924133614,0.01481969063622851,18
90.06547818183898,1.137490720078306,0.5535085678100586,0.02219924190482492,,2,2,1500,"{'max_depth': None, 'min_samples_leaf': 2, 'min_samples_split': 2, 'n_estimators': 1500}",0.3360725887704761,0.30924956064330905,0.3247159816761226,0.31842637723328726,0.3526635885049905,0.3282256193656371,0.015014811169041005,14
121.93603467941284,2.821740886199634,0.9184828758239746,0.2139926542477105,,2,2,2000,"{'max_depth': None, 'min_samples_leaf': 2, 'min_samples_split': 2, 'n_estimators': 2000}",0.33668992449623847,0.307785228734007,0.3254554377348524,0.31832663325388,0.3520897496219204,0.32806939476817965,0.015261012712729496,15
30.364244747161866,0.40186746833748227,0.15478644371032715,0.009934859429750998,,2,5,500,"{'max_depth': None, 'min_samples_leaf': 2, 'min_samples_split': 5, 'n_estimators': 500}",0.32945092358046,0.30693744734834766,0.3210258815632076,0.3138856940027359,0.34889311957318414,0.32403861321358707,0.014502743080785165,33
66.64765644073486,2.1374897722159147,0.5489253520965576,0.12026730580174275,,2,5,1000,"{'max_depth': None, 'min_samples_leaf': 2, 'min_samples_split': 5, 'n_estimators': 1000}",0.33138488573894015,0.30621627876833796,0.3219066260578372,0.3146618097845622,0.34715600740275304,0.3242651215504861,0.0141296179767026,29
100.44357013702393,2.2512270288311185,0.5128996849060059,0.031561499453487546,,2,5,1500,"{'max_depth': None, 'min_samples_leaf': 2, 'min_samples_split': 5, 'n_estimators': 1500}",0.33243475138427075,0.3058512797973333,0.32132517023423773,0.3145100926944156,0.3463312178695712,0.3240905023959657,0.014116490137236037,31
125.01330604553223,2.4950075709795096,0.7146273612976074,0.03417992404300826,,2,5,2000,"{'max_depth': None, 'min_samples_leaf': 2, 'min_samples_split': 5, 'n_estimators': 2000}",0.3317746087149429,0.30560554849659866,0.3229617865924728,0.31623560441200205,0.34875783603788135,0.32506707685077957,0.014611100526375213,25
28.808657264709474,0.24080866032411605,0.14529080390930177,0.01751769994312822,,2,10,500,"{'max_depth': None, 'min_samples_leaf': 2, 'min_samples_split': 10, 'n_estimators': 500}",0.3191320617027638,0.2962784784455759,0.3141991175907866,0.3032380877364273,0.3368331701210647,0.3139361831193237,0.013982718489012598,74
58.697231960296634,0.6726138577108207,0.2979391098022461,0.013640214199387282,,2,10,1000,"{'max_depth': None, 'min_samples_leaf': 2, 'min_samples_split': 10, 'n_estimators': 1000}",0.3205968882479345,0.2918973691068742,0.31166965323912565,0.30498741125426676,0.33434159278803355,0.31269858292724695,0.014310936126243056,90
90.07410387992859,0.7926994546796478,0.457285213470459,0.02632992765154047,,2,10,1500,"{'max_depth': None, 'min_samples_leaf': 2, 'min_samples_split': 10, 'n_estimators': 1500}",0.3181107401380612,0.295348976448412,0.31172803886537204,0.30499539624506694,0.33523733166025815,0.31308409667143405,0.013400249413324992,85
125.24177136421204,3.2668759017379543,0.9143250465393067,0.23971899438806032,,2,10,2000,"{'max_depth': None, 'min_samples_leaf': 2, 'min_samples_split': 10, 'n_estimators': 2000}",0.3191715169112021,0.29515975063152816,0.31208759641608813,0.30382839781991194,0.3357912542940751,0.3132077032145611,0.013860291876686763,83
28.83498215675354,1.3798952983210862,0.24360051155090331,0.06204323072155227,,4,2,500,"{'max_depth': None, 'min_samples_leaf': 4, 'min_samples_split': 2, 'n_estimators': 500}",0.32071697118071457,0.3014765939371627,0.31509966688051144,0.30833830500263876,0.3375125087031739,0.31662880914084024,0.012276011866811638,72
62.507472562789914,0.7939339868681535,0.31003518104553224,0.020024222336319418,,4,2,1000,"{'max_depth': None, 'min_samples_leaf': 4, 'min_samples_split': 2, 'n_estimators': 1000}",0.3221018122937835,0.30012225002586623,0.31501137541115426,0.30776457245276445,0.33877879195602095,0.3167557604279179,0.013222346212580885,71
84.30430746078491,2.611170634818681,0.47356953620910647,0.068570211375393,,4,2,1500,"{'max_depth': None, 'min_samples_leaf': 4, 'min_samples_split': 2, 'n_estimators': 1500}",0.32354545977645016,0.302313618192884,0.31610058848089034,0.30938593272314086,0.3382584876950802,0.3179208173736891,0.012369313576348509,50
110.71039066314697,1.8237170412992925,0.7037079811096192,0.14560930791031484,,4,2,2000,"{'max_depth': None, 'min_samples_leaf': 4, 'min_samples_split': 2, 'n_estimators': 2000}",0.32245288995262306,0.3034024042835361,0.31479336848360345,0.3094106026542199,0.33904559037244447,0.31782097114928537,0.012326677407597924,52
28.23850965499878,0.42506752088535915,0.17216453552246094,0.02996636015477567,,4,5,500,"{'max_depth': None, 'min_samples_leaf': 4, 'min_samples_split': 5, 'n_estimators': 500}",0.32282938848812925,0.3016552502019076,0.31534651757603316,0.30734613369995173,0.3389251814717871,0.31722049428756177,0.013006496446727875,62
57.522189140319824,0.8447951339403935,0.3607338428497314,0.06861195616376245,,4,5,1000,"{'max_depth': None, 'min_samples_leaf': 4, 'min_samples_split': 5, 'n_estimators': 1000}",0.3232748067932701,0.3021839115195138,0.31593754510391614,0.30885593695296537,0.3385710049543736,0.3177646410648078,0.012559690493212084,54
83.70055804252624,0.8349485288862494,0.4564016819000244,0.04648665500644605,,4,5,1500,"{'max_depth': None, 'min_samples_leaf': 4, 'min_samples_split': 5, 'n_estimators': 1500}",0.32268597036026125,0.302993499612166,0.31416089362131866,0.3087936287284659,0.3383823612475996,0.3174032707139623,0.012331338959797052,59
115.64294495582581,3.3993473408743387,0.6766640186309815,0.025111108021741647,,4,5,2000,"{'max_depth': None, 'min_samples_leaf': 4, 'min_samples_split': 5, 'n_estimators': 2000}",0.3223624601095385,0.30149322047810917,0.31594435603149457,0.3091903868845766,0.3400297609873721,0.3178040368982182,0.013103115242069446,53
29.77711968421936,0.3477988083981903,0.1581815719604492,0.017752508347212873,,4,10,500,"{'max_depth': None, 'min_samples_leaf': 4, 'min_samples_split': 10, 'n_estimators': 500}",0.31657800564575883,0.29997141859515764,0.31027585993025036,0.30439405621988197,0.33469693112764287,0.31318325430373833,0.012121206003928315,84
59.96464357376099,1.3385742737445645,0.277649974822998,0.034548684483131226,,4,10,1000,"{'max_depth': None, 'min_samples_leaf': 4, 'min_samples_split': 10, 'n_estimators': 1000}",0.31821141337569947,0.2981551870126301,0.31283494894357605,0.3050305806507666,0.3350690036390556,0.31386022672434555,0.01260481781028053,75
79.58969559669495,1.9332896335390606,0.392384672164917,0.025591025943177647,,4,10,1500,"{'max_depth': None, 'min_samples_leaf': 4, 'min_samples_split': 10, 'n_estimators': 1500}",0.31938770950000234,0.2997017075772866,0.3108987565055981,0.30455099821184584,0.3362000603297224,0.3141478464248911,0.012846036833844887,73
107.71862263679505,2.8491435716761835,0.6681653976440429,0.05073503909122122,,4,10,2000,"{'max_depth': None, 'min_samples_leaf': 4, 'min_samples_split': 10, 'n_estimators': 2000}",0.3178612438193865,0.2984287658466,0.31205022929246,0.3048378164328844,0.3348020270417617,0.31359601648661856,0.012466178773569958,76
24.427129125595094,0.35895928046252884,0.10761523246765137,0.006481627943312129,10,1,2,500,"{'max_depth': 10, 'min_samples_leaf': 1, 'min_samples_split': 2, 'n_estimators': 500}",0.2842246744528891,0.2484522640600341,0.2785026606338267,0.26466650601622116,0.3041685734040504,0.2760029357134043,0.018733408157246043,135
51.835194969177245,0.5493847393401324,0.2427248477935791,0.019222870170419543,10,1,2,1000,"{'max_depth': 10, 'min_samples_leaf': 1, 'min_samples_split': 2, 'n_estimators': 1000}",0.2823242931346935,0.24877354305922186,0.2795057089542699,0.2655620846925408,0.30548253497499284,0.2763296329631438,0.01882122892660858,133
77.73250894546509,0.48090506632518265,0.384702205657959,0.0422347281909885,10,1,2,1500,"{'max_depth': 10, 'min_samples_leaf': 1, 'min_samples_split': 2, 'n_estimators': 1500}",0.28412110982433825,0.24734967519482084,0.28026979826514803,0.2640163666364674,0.3056239843451314,0.2762761868531812,0.01962565277706247,134
107.29748015403747,6.026672505401255,0.563866376876831,0.0233882689877032,10,1,2,2000,"{'max_depth': 10, 'min_samples_leaf': 1, 'min_samples_split': 2, 'n_estimators': 2000}",0.2823830389755621,0.2502232436937062,0.2800697053670629,0.26449534476246717,0.3051317788759694,0.27646062233495355,0.018448325788254498,132
25.426895332336425,0.7231683597132383,0.12909574508666993,0.017686353885535393,10,1,5,500,"{'max_depth': 10, 'min_samples_leaf': 1, 'min_samples_split': 5, 'n_estimators': 500}",0.28101209076703804,0.24648928925080768,0.2783185668820711,0.26232813306078656,0.2995086654523697,0.2735313490826146,0.017947060847735594,138
63.681633424758914,0.33546045809617714,0.2596177577972412,0.03055671761919753,10,1,5,1000,"{'max_depth': 10, 'min_samples_leaf': 1, 'min_samples_split': 5, 'n_estimators': 1000}",0.2793926183719536,0.2452936631793222,0.27747332538009395,0.26352276463784235,0.30132856970676525,0.27340218825519547,0.018547422378347788,139
79.76281685829163,5.047357267896716,0.385845422744751,0.056850910335148025,10,1,5,1500,"{'max_depth': 10, 'min_samples_leaf': 1, 'min_samples_split': 5, 'n_estimators': 1500}",0.2802044759148961,0.24640308007810655,0.27816694848959506,0.2622132640299885,0.3010913540990797,0.2736158245223332,0.018382489646558475,137
101.0358669757843,1.1390672478322343,0.49135427474975585,0.0286351731611661,10,1,5,2000,"{'max_depth': 10, 'min_samples_leaf': 1, 'min_samples_split': 5, 'n_estimators': 2000}",0.28002333915348493,0.24505595157112103,0.27903213963619655,0.2619221716714184,0.3002466739218988,0.27325605519082397,0.018608361255258596,140
25.019307374954224,0.5929678060233984,0.12453699111938477,0.024045336440690956,10,1,10,500,"{'max_depth': 10, 'min_samples_leaf': 1, 'min_samples_split': 10, 'n_estimators': 500}",0.27846522742816365,0.24110435681729933,0.2758791590079582,0.26055180614041223,0.297578762953255,0.2707158624694177,0.018912837010125826,142
48.6802294254303,0.5625268807453992,0.20830063819885253,0.008985935335719548,10,1,10,1000,"{'max_depth': 10, 'min_samples_leaf': 1, 'min_samples_split': 10, 'n_estimators': 1000}",0.2773989959412448,0.24190563683718713,0.27474729544150234,0.26089809065807484,0.2958011836135235,0.2701502404983065,0.017972246186618978,144
70.11573615074158,0.38961712543714216,0.3669395923614502,0.06282589758589528,10,1,10,1500,"{'max_depth': 10, 'min_samples_leaf': 1, 'min_samples_split': 10, 'n_estimators': 1500}",0.2782117696556036,0.24446626669867122,0.2756955063242315,0.26036424773421024,0.29705946632572816,0.271159451347689,0.017721085135465265,141
94.6589343547821,0.4729162771643538,0.45235443115234375,0.03730047807193055,10,1,10,2000,"{'max_depth': 10, 'min_samples_leaf': 1, 'min_samples_split': 10, 'n_estimators': 2000}",0.2761065917943159,0.2453266769156072,0.2754175713017624,0.2595565226213314,0.2965446095226611,0.27059039443113564,0.017247336610193762,143
23.955686616897584,0.7302086163697716,0.11229424476623535,0.00706266814553183,10,2,2,500,"{'max_depth': 10, 'min_samples_leaf': 2, 'min_samples_split': 2, 'n_estimators': 500}",0.28889586739456546,0.2626038427422705,0.2837496208695252,0.26680199496223944,0.3075861627698255,0.2819274977476852,0.016201418926784946,121
46.39590644836426,0.24605136275073516,0.2534879207611084,0.03659625301818305,10,2,2,1000,"{'max_depth': 10, 'min_samples_leaf': 2, 'min_samples_split': 2, 'n_estimators': 1000}",0.28791981995129073,0.2592311949449873,0.28428959242909135,0.2674522648548414,0.3074178317629184,0.2812621407886259,0.01681478857246134,123
72.03854718208314,0.43828520590824016,0.35877285003662107,0.02506884072208593,10,2,2,1500,"{'max_depth': 10, 'min_samples_leaf': 2, 'min_samples_split': 2, 'n_estimators': 1500}",0.28599920251807603,0.26137306621591855,0.28289895790545233,0.2683574456989337,0.3077318378651222,0.2812721020407006,0.01604911046761134,122
95.36200299263001,0.21304760456627148,0.4789781093597412,0.02488132873288267,10,2,2,2000,"{'max_depth': 10, 'min_samples_leaf': 2, 'min_samples_split': 2, 'n_estimators': 2000}",0.2868417027576329,0.260355725891481,0.2838393492246742,0.2679234951311165,0.30685062839447935,0.2811621802798768,0.016170911565866367,124
23.41417541503906,0.20647663088477,0.10505023002624511,0.007864112224317368,10,2,5,500,"{'max_depth': 10, 'min_samples_leaf': 2, 'min_samples_split': 5, 'n_estimators': 500}",0.2865287844857386,0.2566663100653897,0.28473617075792457,0.26495870151339485,0.3050875149030898,0.27959549634510755,0.01711328942322761,128
47.664407682418826,0.2653833454106212,0.24224119186401366,0.018306390735447164,10,2,5,1000,"{'max_depth': 10, 'min_samples_leaf': 2, 'min_samples_split': 5, 'n_estimators': 1000}",0.28695702682249896,0.258329421578039,0.2829396505788098,0.2666903502608941,0.30596818207209503,0.2801769262624674,0.016601159469580636,127
71.05145492553712,0.579822738240819,0.408205509185791,0.05499994766353739,10,2,5,1500,"{'max_depth': 10, 'min_samples_leaf': 2, 'min_samples_split': 5, 'n_estimators': 1500}",0.28655071396374177,0.25917052880780506,0.28375075706269887,0.26723923739038397,0.3061442442783282,0.28057109630059157,0.01634365147979943,126
94.28385581970215,1.3900271211785367,0.47265238761901857,0.03702125924298261,10,2,5,2000,"{'max_depth': 10, 'min_samples_leaf': 2, 'min_samples_split': 5, 'n_estimators': 2000}",0.2872550127245007,0.259656124611268,0.2830710110974387,0.26712102620357786,0.306405355502478,0.2807017060278526,0.016349852556760643,125
22.75282859802246,0.4710651156324238,0.10441417694091797,0.009502924273226005,10,2,10,500,"{'max_depth': 10, 'min_samples_leaf': 2, 'min_samples_split': 10, 'n_estimators': 500}",0.28145584752154484,0.2542483785969968,0.27777896849995753,0.26183729560782076,0.30230817492702,0.275525733030668,0.016719100769250216,136
48.15036473274231,0.538358189586775,0.2512702465057373,0.05079308561813597,10,2,10,1000,"{'max_depth': 10, 'min_samples_leaf': 2, 'min_samples_split': 10, 'n_estimators': 1000}",0.2836998487772518,0.25796928410537895,0.2783873452818488,0.2647902693362287,0.3001140082761361,0.27699215115536885,0.014780496889348535,131
71.1902600288391,0.5359745778229571,0.31262764930725095,0.008860177703280863,10,2,10,1500,"{'max_depth': 10, 'min_samples_leaf': 2, 'min_samples_split': 10, 'n_estimators': 1500}",0.2835074124426025,0.2570773880204165,0.27965128430710967,0.263869696399315,0.30236713495799045,0.27729458322548683,0.01588551985616888,130
90.37349915504456,2.500859262799939,0.42433767318725585,0.017631250775897393,10,2,10,2000,"{'max_depth': 10, 'min_samples_leaf': 2, 'min_samples_split': 10, 'n_estimators': 2000}",0.2818541434896971,0.2582039848058529,0.27952401934945076,0.2648010727416053,0.3030466282081769,0.27748596971895656,0.01555174205229413,129
21.537411403656005,0.935875666925059,0.09948639869689942,0.006043506784485599,10,4,2,500,"{'max_depth': 10, 'min_samples_leaf': 4, 'min_samples_split': 2, 'n_estimators': 500}",0.2929614579717114,0.27109182820718036,0.2871143394742775,0.27479167012741906,0.31134243457711,0.2874603460715397,0.014346845167802194,116
40.00345864295959,0.07885403623263398,0.18972492218017578,0.00797964671039254,10,4,2,1000,"{'max_depth': 10, 'min_samples_leaf': 4, 'min_samples_split': 2, 'n_estimators': 1000}",0.2928399865992953,0.2720001729947093,0.28866101798568977,0.27494888218322366,0.312806783149017,0.288251368582387,0.014596226326737106,113
60.78314838409424,0.3298281129160564,0.2996664047241211,0.02766151626296529,10,4,2,1500,"{'max_depth': 10, 'min_samples_leaf': 4, 'min_samples_split': 2, 'n_estimators': 1500}",0.29247381941600165,0.2726756386588022,0.2888568500107707,0.2763093883079473,0.3122906777690982,0.288521274832524,0.014006670507904115,109
87.15893096923828,6.184596423573358,0.4536010265350342,0.011185250742219582,10,4,2,2000,"{'max_depth': 10, 'min_samples_leaf': 4, 'min_samples_split': 2, 'n_estimators': 2000}",0.29329232925997617,0.2723470924968916,0.2881971783388419,0.2749676327232134,0.3128600546574171,0.28833285749526805,0.014562775047635803,111
22.167345571517945,1.9032837153286253,0.12115802764892578,0.025634052892374522,10,4,5,500,"{'max_depth': 10, 'min_samples_leaf': 4, 'min_samples_split': 5, 'n_estimators': 500}",0.29395697040336205,0.2713184119448704,0.28767119949752695,0.2751737841238105,0.31206336981930166,0.2880367471577743,0.014542488199706901,114
53.349919939041136,0.43078460912652966,0.2111231803894043,0.006261473696141812,10,4,5,1000,"{'max_depth': 10, 'min_samples_leaf': 4, 'min_samples_split': 5, 'n_estimators': 1000}",0.2938813470813357,0.27228974763668656,0.2874263196913975,0.27564298436176266,0.31268808477863047,0.2883856967099626,0.01444427178965224,110
72.95640392303467,1.6032526303597185,0.34431023597717286,0.012817758136565978,10,4,5,1500,"{'max_depth': 10, 'min_samples_leaf': 4, 'min_samples_split': 5, 'n_estimators': 1500}",0.2926793784090816,0.270716127439069,0.2889786876243066,0.27407618099816294,0.3135000397846812,0.28799008285106026,0.015268994304346847,115
94.04226217269897,0.7116103639751351,0.44687204360961913,0.017930379570669175,10,4,5,2000,"{'max_depth': 10, 'min_samples_leaf': 4, 'min_samples_split': 5, 'n_estimators': 2000}",0.2927334393221815,0.2724612955570908,0.2885834086701455,0.2747031013409539,0.31291829833905355,0.28827990864588504,0.014570755032393317,112
22.814978456497194,0.268848373892541,0.10483255386352539,0.005836342114792759,10,4,10,500,"{'max_depth': 10, 'min_samples_leaf': 4, 'min_samples_split': 10, 'n_estimators': 500}",0.29058259279488546,0.2696485240773601,0.28704972751383834,0.27310721763137663,0.31088554993075856,0.28625472238964383,0.014660578873344333,119
46.7585654258728,0.27280960095841306,0.22024149894714357,0.017232589531221167,10,4,10,1000,"{'max_depth': 10, 'min_samples_leaf': 4, 'min_samples_split': 10, 'n_estimators': 1000}",0.29196689951318183,0.2706607259210448,0.2862414905841344,0.2736486125074932,0.3094316523058827,0.28638987616634737,0.01394126696122232,117
73.8585862159729,1.6639423310969006,0.4240673542022705,0.07420663198055259,10,4,10,1500,"{'max_depth': 10, 'min_samples_leaf': 4, 'min_samples_split': 10, 'n_estimators': 1500}",0.2900672235837004,0.2706868903690362,0.2859779389114075,0.27397274899655283,0.31034581983059223,0.2862101243382578,0.014058357440876882,120
102.88137636184692,1.307546461743249,0.5311424255371093,0.08159453670446513,10,4,10,2000,"{'max_depth': 10, 'min_samples_leaf': 4, 'min_samples_split': 10, 'n_estimators': 2000}",0.2918431080626648,0.2706346818748622,0.2857324225928046,0.2727923983511751,0.3109360201818221,0.2863877262126658,0.01460000476938174,118
40.98721084594727,0.6339379316593947,0.23326973915100097,0.019000214401584142,20,1,2,500,"{'max_depth': 20, 'min_samples_leaf': 1, 'min_samples_split': 2, 'n_estimators': 500}",0.3488254835592473,0.3084057511371805,0.3294348062447084,0.3279644620788429,0.3653773399137681,0.3360015685867494,0.01947632062616223,9
78.04087386131286,1.870051748804239,0.649143648147583,0.06805872483732359,20,1,2,1000,"{'max_depth': 20, 'min_samples_leaf': 1, 'min_samples_split': 2, 'n_estimators': 1000}",0.3455185614072045,0.30922648849912054,0.3316982452671519,0.3293936543222668,0.36378980134735767,0.3359253501686203,0.01812080584457937,10
115.25875945091248,1.683058298460652,1.0807472229003907,0.12951888302592834,20,1,2,1500,"{'max_depth': 20, 'min_samples_leaf': 1, 'min_samples_split': 2, 'n_estimators': 1500}",0.3458277363331688,0.30943819540225226,0.33009020861662447,0.3259880697548774,0.3627456664136816,0.3348179753041209,0.01814179156729035,12
154.0974672317505,1.604166062051774,1.4103021144866943,0.286949753392429,20,1,2,2000,"{'max_depth': 20, 'min_samples_leaf': 1, 'min_samples_split': 2, 'n_estimators': 2000}",0.3465157712151588,0.3101940207823933,0.33056182300494763,0.3265573565024339,0.3632779034900473,0.33542137499899616,0.018097940641046195,11
35.89407238960266,0.5030169582031635,0.20443964004516602,0.03481444766788033,20,1,5,500,"{'max_depth': 20, 'min_samples_leaf': 1, 'min_samples_split': 5, 'n_estimators': 500}",0.33141807777272303,0.2932148003523139,0.3219774753745836,0.3134277802167243,0.34399874003583103,0.3208073747504352,0.017132449651444,48
67.98929376602173,0.6637423875606985,0.4451258182525635,0.09259719265440959,20,1,5,1000,"{'max_depth': 20, 'min_samples_leaf': 1, 'min_samples_split': 5, 'n_estimators': 1000}",0.33224767086012996,0.2941756489568292,0.32179895457828633,0.3125709231378256,0.34745862195707694,0.3216503638980296,0.017976025053942808,45
99.5987943649292,1.271495260465295,0.5512608051300049,0.028814803921175365,20,1,5,1500,"{'max_depth': 20, 'min_samples_leaf': 1, 'min_samples_split': 5, 'n_estimators': 1500}",0.33212653493408445,0.2933004168488158,0.32014740854279705,0.3116271866436532,0.3483415160538807,0.32110861260464624,0.018585708194361353,47
137.65477242469788,3.765591204999825,0.8135286331176758,0.08327708642715306,20,1,5,2000,"{'max_depth': 20, 'min_samples_leaf': 1, 'min_samples_split': 5, 'n_estimators': 2000}",0.3313995200114434,0.2937038480105098,0.32013084556108606,0.3142754947397259,0.347445071654638,0.3213909559954806,0.01787614003191308,46
33.03238053321839,0.4667318108235103,0.13827204704284668,0.00842321640899004,20,1,10,500,"{'max_depth': 20, 'min_samples_leaf': 1, 'min_samples_split': 10, 'n_estimators': 500}",0.31617572664298205,0.2842319230370751,0.31175273625175864,0.3014335540181268,0.3312179328257336,0.30896237455513526,0.015642294023849746,108
69.36123580932617,1.018632395906263,0.32715954780578616,0.03997115462199801,20,1,10,1000,"{'max_depth': 20, 'min_samples_leaf': 1, 'min_samples_split': 10, 'n_estimators': 1000}",0.3179648315239497,0.2859338380660052,0.3102535827023948,0.30187387930999776,0.3340742197692183,0.31002007027431316,0.016051684500454563,106
92.5353057384491,2.1715996773537203,0.4431111812591553,0.020810157812043744,20,1,10,1500,"{'max_depth': 20, 'min_samples_leaf': 1, 'min_samples_split': 10, 'n_estimators': 1500}",0.31750172068210253,0.2826052231660618,0.3102244425208489,0.302354650324877,0.33380200193883186,0.30929760772654447,0.016907512406269205,107
116.8748517036438,1.2209694806356786,0.561357831954956,0.028892241922911732,20,1,10,2000,"{'max_depth': 20, 'min_samples_leaf': 1, 'min_samples_split': 10, 'n_estimators': 2000}",0.31866650399716806,0.285373476034743,0.3106958694067794,0.3033269148298002,0.3355939190289421,0.31073133665948655,0.016607002732442953,104
29.09087347984314,0.48675320504639996,0.18163638114929198,0.059078020363837726,20,2,2,500,"{'max_depth': 20, 'min_samples_leaf': 2, 'min_samples_split': 2, 'n_estimators': 500}",0.3339873642208144,0.30657784811478345,0.3241295804760785,0.3146891519702427,0.35121913101344854,0.32612061515907353,0.015545954794650523,24
58.69979195594787,0.46102612605144416,0.29281001091003417,0.010433648910142214,20,2,2,1000,"{'max_depth': 20, 'min_samples_leaf': 2, 'min_samples_split': 2, 'n_estimators': 1000}",0.3353437340087808,0.30782655488073263,0.32556771053840095,0.3158732533748553,0.3490726184727006,0.32673677425509406,0.014491024020339749,22
95.3318480014801,4.237609003720323,0.6018726348876953,0.07763147776755315,20,2,2,1500,"{'max_depth': 20, 'min_samples_leaf': 2, 'min_samples_split': 2, 'n_estimators': 1500}",0.3366000819767973,0.3070038259977896,0.3245417371353818,0.3167137186975519,0.3519734939510657,0.3273665715517172,0.015664371769361397,19
135.25175576210023,3.810106221368926,0.921547794342041,0.13378648083910857,20,2,2,2000,"{'max_depth': 20, 'min_samples_leaf': 2, 'min_samples_split': 2, 'n_estimators': 2000}",0.3346978565392458,0.30565080721818216,0.32524721277277097,0.31673274515813316,0.34997712999976205,0.3264611503376188,0.0151659521364043,23
33.36300549507141,0.6238219890524211,0.16929326057434083,0.019256935762431333,20,2,5,500,"{'max_depth': 20, 'min_samples_leaf': 2, 'min_samples_split': 5, 'n_estimators': 500}",0.3326205696962234,0.30270422382535705,0.32277368770622233,0.31328554478180043,0.3469443855343001,0.3236656823087807,0.015297147990301322,35
71.02885646820069,0.8062136999259268,0.42598781585693357,0.0908851053869183,20,2,5,1000,"{'max_depth': 20, 'min_samples_leaf': 2, 'min_samples_split': 5, 'n_estimators': 1000}",0.3299114277084675,0.30316404284758164,0.3225652424434266,0.3143304789258629,0.3467958599307271,0.3233534103712131,0.014711907383478407,39
107.13554968833924,0.707792289227932,0.7176509380340577,0.1179890398637667,20,2,5,1500,"{'max_depth': 20, 'min_samples_leaf': 2, 'min_samples_split': 5, 'n_estimators': 1500}",0.33161775474874466,0.3034575427374567,0.3229802905098826,0.31260543285852566,0.3471744379119754,0.323567091753317,0.015146063715480761,37
144.34055619239808,2.795002621467219,0.9264627933502197,0.11390440089270691,20,2,5,2000,"{'max_depth': 20, 'min_samples_leaf': 2, 'min_samples_split': 5, 'n_estimators': 2000}",0.33026448596060975,0.3043817964129744,0.3219036910266363,0.3152047052255881,0.34863468904439604,0.32407787353404094,0.014917821561413244,32
35.14653859138489,0.8982242848214219,0.21974120140075684,0.07631851869209898,20,2,10,500,"{'max_depth': 20, 'min_samples_leaf': 2, 'min_samples_split': 10, 'n_estimators': 500}",0.3187360117789273,0.29518773503439666,0.31010631584824033,0.3029264591514695,0.33537333792544555,0.3124659719476959,0.01385040481468287,93
72.71107592582703,1.3504753252108366,0.4036313533782959,0.04832771714411554,20,2,10,1000,"{'max_depth': 20, 'min_samples_leaf': 2, 'min_samples_split': 10, 'n_estimators': 1000}",0.3181723350087524,0.29332111317300086,0.3113789397238639,0.30303614151259933,0.3348925333543902,0.31216021255452137,0.014083144183552105,96
104.10930380821227,0.7493347630383612,0.6128380298614502,0.046774183940560814,20,2,10,1500,"{'max_depth': 20, 'min_samples_leaf': 2, 'min_samples_split': 10, 'n_estimators': 1500}",0.3187422641639125,0.2933948957497167,0.3112635901843955,0.30373633807336314,0.334264508199734,0.31228031927422434,0.013825728689459148,95
136.5049870967865,1.8580536634882736,0.7883796215057373,0.15741026867025998,20,2,10,2000,"{'max_depth': 20, 'min_samples_leaf': 2, 'min_samples_split': 10, 'n_estimators': 2000}",0.3175753687704185,0.2939998727704601,0.31182905878200035,0.30369522667820387,0.33586181263132714,0.312592267926482,0.014083465437178998,91
31.52247052192688,1.2480635743779922,0.15510106086730957,0.002853180488017317,20,4,2,500,"{'max_depth': 20, 'min_samples_leaf': 4, 'min_samples_split': 2, 'n_estimators': 500}",0.3217744903092215,0.29998650907665375,0.3147704057887951,0.3097693673339195,0.3379763537894001,0.316855425259598,0.012723291077628715,70
60.48547410964966,1.1751933833494292,0.31635494232177735,0.012099128428862866,20,4,2,1000,"{'max_depth': 20, 'min_samples_leaf': 4, 'min_samples_split': 2, 'n_estimators': 1000}",0.32202507601452196,0.30221700836184223,0.3146689484699284,0.3076968391002476,0.3384868563278647,0.317018945654881,0.012628966979553014,67
87.51098275184631,1.1521499143342488,0.5066092014312744,0.04976692014868255,20,4,2,1500,"{'max_depth': 20, 'min_samples_leaf': 4, 'min_samples_split': 2, 'n_estimators': 1500}",0.3215782942495825,0.3019317524194525,0.31439530344069777,0.3087492639383052,0.33859016258084934,0.3170489553257775,0.01256180791333894,65
122.85083379745484,5.694279281151785,0.7314502716064453,0.051577518867950756,20,4,2,2000,"{'max_depth': 20, 'min_samples_leaf': 4, 'min_samples_split': 2, 'n_estimators': 2000}",0.3221105611485055,0.30171208264211347,0.3156578768539886,0.3089156949616227,0.33916642134918257,0.31751252739108254,0.012783054006638803,55
30.915823221206665,1.6559728749630604,0.16764435768127442,0.03309551449248651,20,4,5,500,"{'max_depth': 20, 'min_samples_leaf': 4, 'min_samples_split': 5, 'n_estimators': 500}",0.32461431124820894,0.30032010976517765,0.3146909000280576,0.3084935474685438,0.3368922256163341,0.3170022188252644,0.01272469069750519,68
71.2423668384552,1.1144524996158363,0.4116806983947754,0.050433231961522475,20,4,5,1000,"{'max_depth': 20, 'min_samples_leaf': 4, 'min_samples_split': 5, 'n_estimators': 1000}",0.3227355060948966,0.30333742493586885,0.313991200132123,0.3092965325330052,0.33732587333267605,0.3173373074057139,0.01183664243367892,61
99.3103350162506,4.7042604751621235,0.47856578826904295,0.035250333877491935,20,4,5,1500,"{'max_depth': 20, 'min_samples_leaf': 4, 'min_samples_split': 5, 'n_estimators': 1500}",0.32300835248272636,0.3016420794342222,0.31467907197520584,0.30862462584456224,0.3381052878161559,0.3172118835105745,0.012591332919860275,63
122.10156998634338,2.8040609526302536,0.7541628360748291,0.14956983591874776,20,4,5,2000,"{'max_depth': 20, 'min_samples_leaf': 4, 'min_samples_split': 5, 'n_estimators': 2000}",0.3227080817415791,0.3011209746588415,0.31506367960976456,0.30834357804486157,0.33813595527360835,0.317074453865731,0.012728782417105787,64
30.400827360153198,1.4834050154040717,0.1704479694366455,0.026587753781156055,20,4,10,500,"{'max_depth': 20, 'min_samples_leaf': 4, 'min_samples_split': 10, 'n_estimators': 500}",0.31463016332329724,0.29968512438661404,0.31105055995359016,0.30354181536682884,0.33265702407238157,0.31231293742054234,0.01146507076778856,94
57.52537603378296,0.42623893632160137,0.3075751304626465,0.026934297368497964,20,4,10,1000,"{'max_depth': 20, 'min_samples_leaf': 4, 'min_samples_split': 10, 'n_estimators': 1000}",0.317368572526805,0.2982308381139572,0.31147140049042227,0.30427406943006513,0.3340629763370369,0.3130815713796573,0.012323203741193129,86
90.99774146080017,1.9354692307409587,0.5143187522888184,0.04739128739932353,20,4,10,1500,"{'max_depth': 20, 'min_samples_leaf': 4, 'min_samples_split': 10, 'n_estimators': 1500}",0.3176528305980693,0.29779569901764574,0.31304129407646947,0.30455496166384033,0.3346221560627276,0.3135333882837505,0.012571675275245088,78
120.94747409820556,1.3837192804012677,0.6928966045379639,0.1187090789577285,20,4,10,2000,"{'max_depth': 20, 'min_samples_leaf': 4, 'min_samples_split': 10, 'n_estimators': 2000}",0.318435076718303,0.2973018431546999,0.3122344623823377,0.3050321230035592,0.3345892939224096,0.31351855983626187,0.012686988527599618,79
39.94867758750915,0.4074958158643879,0.34953794479370115,0.11692598353350273,30,1,2,500,"{'max_depth': 30, 'min_samples_leaf': 1, 'min_samples_split': 2, 'n_estimators': 500}",0.3469376029562062,0.31326562265228935,0.3302843219528485,0.3308021981032853,0.365791314209125,0.33741621197475086,0.017740706369429385,6
78.48369235992432,1.265906604040722,0.7346752166748047,0.06270661892787606,30,1,2,1000,"{'max_depth': 30, 'min_samples_leaf': 1, 'min_samples_split': 2, 'n_estimators': 1000}",0.34930399527657247,0.31038495308703506,0.33190784727492567,0.32979640059989723,0.3648769805007528,0.33725403534783666,0.018516880178299385,7
111.1886360168457,1.3165717579983576,0.965336275100708,0.04463641839465688,30,1,2,1500,"{'max_depth': 30, 'min_samples_leaf': 1, 'min_samples_split': 2, 'n_estimators': 1500}",0.3478232688165894,0.31246074046364897,0.33396121464926215,0.3316044428290124,0.36559619199859394,0.33828917175142137,0.017703655203708306,1
150.6970998764038,2.015962759688625,1.368153190612793,0.17345933159408825,30,1,2,2000,"{'max_depth': 30, 'min_samples_leaf': 1, 'min_samples_split': 2, 'n_estimators': 2000}",0.34611384410067103,0.3120140444942144,0.333130252530948,0.332091068863665,0.3656684598958055,0.3378035339770608,0.01769228609162705,4
36.037593126297,1.1165526932759726,0.20703001022338868,0.021717999739442065,30,1,5,500,"{'max_depth': 30, 'min_samples_leaf': 1, 'min_samples_split': 5, 'n_estimators': 500}",0.33389218163212214,0.2975279987639025,0.3198872795431004,0.31433231535089856,0.34759041820280495,0.32264603869856573,0.017066590039443948,43
69.91577396392822,1.2952311951912852,0.40616788864135744,0.02464866792354049,30,1,5,1000,"{'max_depth': 30, 'min_samples_leaf': 1, 'min_samples_split': 5, 'n_estimators': 1000}",0.33092465330395565,0.2965279941694897,0.3224926908618817,0.3157894471951667,0.3486850455512027,0.3228839662163393,0.01717830552041719,41
99.58976607322693,0.7913029802610504,0.5435040950775146,0.03767005373112942,30,1,5,1500,"{'max_depth': 30, 'min_samples_leaf': 1, 'min_samples_split': 5, 'n_estimators': 1500}",0.3327004177823543,0.2973630871127259,0.32269570973941436,0.3141086327732131,0.34734436395023244,0.322842442271588,0.016870224332940144,42
134.07018866539002,3.1302253297115255,0.8780404090881347,0.11372149596296229,30,1,5,2000,"{'max_depth': 30, 'min_samples_leaf': 1, 'min_samples_split': 5, 'n_estimators': 2000}",0.33247406513467076,0.29671371522348816,0.3222827511187728,0.3159432386415431,0.3495190363214065,0.32338656128797627,0.01751314445566508,38
32.42365951538086,1.412914524337928,0.17182226181030275,0.0484346807352812,30,1,10,500,"{'max_depth': 30, 'min_samples_leaf': 1, 'min_samples_split': 10, 'n_estimators': 500}",0.3162451051431426,0.28489218968693714,0.3122323022372343,0.30401724354192716,0.3361246232453549,0.3107022927709192,0.016674590784255768,105
65.9129156112671,0.6917381787354754,0.31176223754882815,0.013506992208627416,30,1,10,1000,"{'max_depth': 30, 'min_samples_leaf': 1, 'min_samples_split': 10, 'n_estimators': 1000}",0.31793810876429246,0.287767516316152,0.3113119031842002,0.30445210144917095,0.33424303146185563,0.3111425322351343,0.01530356066227875,100
98.39266400337219,1.2457532002404006,0.5092942237854003,0.035620900837036625,30,1,10,1500,"{'max_depth': 30, 'min_samples_leaf': 1, 'min_samples_split': 10, 'n_estimators': 1500}",0.31913021259100477,0.28571758406446196,0.3121853413229901,0.30344495321678094,0.3354757000577944,0.31119075825060644,0.01650855916201861,99
128.3677929878235,2.6382256256543655,0.664532995223999,0.048216099165265536,30,1,10,2000,"{'max_depth': 30, 'min_samples_leaf': 1, 'min_samples_split': 10, 'n_estimators': 2000}",0.3196014711645147,0.2864624085636084,0.31242038048112,0.3034809384440632,0.3373194722162032,0.31185693417390187,0.016874094962005263,97
32.353589153289796,1.3770693795091753,0.16839900016784667,0.018074288305571277,30,2,2,500,"{'max_depth': 30, 'min_samples_leaf': 2, 'min_samples_split': 2, 'n_estimators': 500}",0.3342755697891875,0.30499996366352944,0.3243331590039453,0.31986912766710857,0.35231598322651436,0.32715876067005706,0.01572049539717479,20
62.99591579437256,0.3958274670629047,0.4597646713256836,0.10752081850984355,30,2,2,1000,"{'max_depth': 30, 'min_samples_leaf': 2, 'min_samples_split': 2, 'n_estimators': 1000}",0.3353761227061114,0.30837388076543304,0.3253951533231507,0.3171616173793615,0.3528085034148905,0.3278230555177894,0.015356775712134453,16
95.62603578567504,2.0511506182665054,0.6608548164367676,0.0837551759956801,30,2,2,1500,"{'max_depth': 30, 'min_samples_leaf': 2, 'min_samples_split': 2, 'n_estimators': 1500}",0.33584391717582673,0.30744624272264504,0.32626645085269573,0.3193446067711501,0.3523388502293446,0.3282480135503324,0.015191952319241368,13
128.14665412902832,2.0942498326696417,0.9665535449981689,0.23421400148945673,30,2,2,2000,"{'max_depth': 30, 'min_samples_leaf': 2, 'min_samples_split': 2, 'n_estimators': 2000}",0.33499950178907395,0.30780464520841283,0.32468182679072527,0.3178104186342406,0.3522771291979594,0.32751470432408236,0.015230788981130316,17
31.84844117164612,0.6019842096374913,0.2254265785217285,0.09125502858715298,30,2,5,500,"{'max_depth': 30, 'min_samples_leaf': 2, 'min_samples_split': 5, 'n_estimators': 500}",0.3305011992831217,0.3047255601756617,0.322814871141137,0.3141284836663546,0.34830834034735453,0.32409569092272594,0.014855777424812214,30
59.20184135437012,0.8483089215499947,0.3187324047088623,0.02225305328845058,30,2,5,1000,"{'max_depth': 30, 'min_samples_leaf': 2, 'min_samples_split': 5, 'n_estimators': 1000}",0.3311874638798608,0.3055944190845228,0.3224914960944283,0.31463245450704935,0.34749202092185333,0.3242795708975429,0.014366181023606364,28
87.29202604293823,1.3064526229837459,0.5937520503997803,0.1377648546025632,30,2,5,1500,"{'max_depth': 30, 'min_samples_leaf': 2, 'min_samples_split': 5, 'n_estimators': 1500}",0.3311187654754743,0.30609744480335793,0.3231833623894696,0.3152068750717611,0.3482247934910312,0.32476624824621886,0.01437406821510953,26
116.63257117271424,2.005491209156034,0.6747032165527344,0.0327888303924626,30,2,5,2000,"{'max_depth': 30, 'min_samples_leaf': 2, 'min_samples_split': 5, 'n_estimators': 2000}",0.3324665814324681,0.3047719890227802,0.3229491099560243,0.3153613841415561,0.3482411075268153,0.32475803441592876,0.014845118216942186,27
27.93732261657715,1.3318444014010498,0.12708072662353515,0.009158882583818369,30,2,10,500,"{'max_depth': 30, 'min_samples_leaf': 2, 'min_samples_split': 10, 'n_estimators': 500}",0.3199904371471977,0.295014057613413,0.31349163729574664,0.3008368108745418,0.3331016053612131,0.31248690965842246,0.013588991438511049,92
53.58330278396606,1.0970672555630696,0.26594882011413573,0.01808762297865678,30,2,10,1000,"{'max_depth': 30, 'min_samples_leaf': 2, 'min_samples_split': 10, 'n_estimators': 1000}",0.3196719927758536,0.29504360739752716,0.31250662620166947,0.3046918354824423,0.3351171188089377,0.31340623613328605,0.013598222999198075,81
80.39973831176758,1.010346728026836,0.47835164070129393,0.07199557292666238,30,2,10,1500,"{'max_depth': 30, 'min_samples_leaf': 2, 'min_samples_split': 10, 'n_estimators': 1500}",0.3184234013868323,0.29420210935960583,0.3130820947069955,0.303621391171639,0.33573572941996327,0.3130129452090072,0.014054547823340618,87
107.26674160957336,1.436385903691931,0.5499861240386963,0.06016525623537592,30,2,10,2000,"{'max_depth': 30, 'min_samples_leaf': 2, 'min_samples_split': 10, 'n_estimators': 2000}",0.3180260258734828,0.2945958159985976,0.31219804254680045,0.30433794088990657,0.3351363905664142,0.3128588431750403,0.013635024676798778,89
24.498923110961915,0.4110065077499492,0.12976174354553222,0.014283540340641263,30,4,2,500,"{'max_depth': 30, 'min_samples_leaf': 4, 'min_samples_split': 2, 'n_estimators': 500}",0.3225084110228173,0.30334086929620946,0.31576127769406287,0.3069849505343923,0.33868561300867833,0.31745622431123205,0.01255368631741838,57
48.07521996498108,0.6158625693851612,0.26723804473876955,0.05783822738700772,30,4,2,1000,"{'max_depth': 30, 'min_samples_leaf': 4, 'min_samples_split': 2, 'n_estimators': 1000}",0.32446292190171155,0.3015602569503063,0.31319974218879787,0.3084935192704392,0.3389747156740655,0.3173382311970641,0.013139247846267956,60
81.41328630447387,3.520038208075328,0.4882181167602539,0.07803084177469291,30,4,2,1500,"{'max_depth': 30, 'min_samples_leaf': 4, 'min_samples_split': 2, 'n_estimators': 1500}",0.32286746849465664,0.30157437376296536,0.3147960842160593,0.30909385504558307,0.3391561143615984,0.31749757917617255,0.012879417553483232,56
105.68084893226623,4.514545948539971,0.512056827545166,0.01829154906155304,30,4,2,2000,"{'max_depth': 30, 'min_samples_leaf': 4, 'min_samples_split': 2, 'n_estimators': 2000}",0.3229624729127259,0.30210061533525695,0.31577144362190673,0.30951569972689796,0.3392399425752419,0.3179180348344059,0.012692264998330474,51
25.12552399635315,0.7338359254381763,0.11429452896118164,0.00734802125249395,30,4,5,500,"{'max_depth': 30, 'min_samples_leaf': 4, 'min_samples_split': 5, 'n_estimators': 500}",0.32099588682828806,0.3003363106928749,0.31694229717130834,0.3081599279593787,0.33799808567918416,0.31688650166620685,0.01274873365476104,69
47.2091281414032,0.6119756418354552,0.22861170768737793,0.009282239113574585,30,4,5,1000,"{'max_depth': 30, 'min_samples_leaf': 4, 'min_samples_split': 5, 'n_estimators': 1000}",0.3234780230524462,0.3029460295376967,0.31451612584844374,0.30874043903714216,0.33754925364886174,0.31744597422491816,0.012125561488047084,58
71.05156741142272,0.8667248281645701,0.3977649211883545,0.025416248769219076,30,4,5,1500,"{'max_depth': 30, 'min_samples_leaf': 4, 'min_samples_split': 5, 'n_estimators': 1500}",0.3228018552289277,0.3028725079750822,0.31604377042686177,0.30890136294060927,0.3392924157053731,0.3179823824553708,0.012584723070182326,49
96.11528778076172,1.6515063310756768,0.6111487865447998,0.10236323151513498,30,4,5,2000,"{'max_depth': 30, 'min_samples_leaf': 4, 'min_samples_split': 5, 'n_estimators': 2000}",0.32155719665565885,0.3033615434010301,0.3140746915269723,0.3086181390615104,0.33755493015487154,0.31703330016000864,0.011900320763603329,66
24.625398635864258,0.6402858630600862,0.10811815261840821,0.005227147629061471,30,4,10,500,"{'max_depth': 30, 'min_samples_leaf': 4, 'min_samples_split': 10, 'n_estimators': 500}",0.31758530882876257,0.29920030538863673,0.3107713288109955,0.304339360044785,0.3328119918855401,0.312941658991744,0.011695540109213145,88
48.28481316566467,0.4817540746679502,0.22095179557800293,0.004317973061630169,30,4,10,1000,"{'max_depth': 30, 'min_samples_leaf': 4, 'min_samples_split': 10, 'n_estimators': 1000}",0.3173708813893783,0.2990895526584359,0.31131579834938794,0.3047541852714762,0.3349464780965781,0.31349537915305126,0.012360065076015583,80
70.33730735778809,1.0635100312091064,0.32491340637207033,0.03259202411869391,30,4,10,1500,"{'max_depth': 30, 'min_samples_leaf': 4, 'min_samples_split': 10, 'n_estimators': 1500}",0.31648912507876786,0.29758065324215066,0.31225001913590866,0.305873908969084,0.33425685591620463,0.3132901124684232,0.012269531288130783,82
80.732639503479,8.61833059928934,0.3219956398010254,0.0560824723412899,30,4,10,2000,"{'max_depth': 30, 'min_samples_leaf': 4, 'min_samples_split': 10, 'n_estimators': 2000}",0.31774015492539515,0.29898123053420567,0.3124902015222396,0.3050465845415807,0.3335122709646283,0.3135540884976099,0.011846770596279829,77
64.80672039985657,0.5899543970005755,0.6133125305175782,0.05137715807389054,20,1,2,1400,"{'max_depth': 20, 'min_samples_leaf': 1, 'min_samples_split': 2, 'n_estimators': 1400}",0.3445416325863484,0.31033664648246834,0.331720170871841,0.32738148085830665,0.3632571673966836,0.3354474196391296,0.017695137522961955,7
76.41133241653442,1.5980524650650545,0.759528398513794,0.10967303756624609,20,1,2,1600,"{'max_depth': 20, 'min_samples_leaf': 1, 'min_samples_split': 2, 'n_estimators': 1600}",0.3462975101305073,0.3100388159487096,0.33170788991048555,0.3274348997408703,0.3626941857831414,0.3356346603027428,0.017797287056488354,5
90.78718061447144,1.926474256727147,0.9030320167541503,0.03812793741867137,20,1,2,1800,"{'max_depth': 20, 'min_samples_leaf': 1, 'min_samples_split': 2, 'n_estimators': 1800}",0.34545191205560116,0.30870395358340763,0.33109933266714925,0.32735709639838667,0.3640513446539193,0.33533272787169277,0.018535267955357558,8
120.23187985420228,9.01814467289242,0.9759921073913574,0.047179031734246715,20,1,2,2000,"{'max_depth': 20, 'min_samples_leaf': 1, 'min_samples_split': 2, 'n_estimators': 2000}",0.3461064503360733,0.3099081001405007,0.33049047206504856,0.32779513242731007,0.3634073468844197,0.33554150037067043,0.01805942346985352,6
90.99562282562256,1.0048470206816655,0.785251522064209,0.04738537476597367,30,1,2,1400,"{'max_depth': 30, 'min_samples_leaf': 1, 'min_samples_split': 2, 'n_estimators': 1400}",0.34938243987851964,0.3134591079836364,0.33192121218064013,0.3344420177998382,0.36555727083149314,0.3389524097348255,0.017528798997088816,2
103.11679692268372,1.3415763390915247,1.0235414028167724,0.13074570197463717,30,1,2,1600,"{'max_depth': 30, 'min_samples_leaf': 1, 'min_samples_split': 2, 'n_estimators': 1600}",0.34895296291626937,0.31441608183719766,0.33424155190701477,0.3320560989408002,0.36553231086517685,0.33903980129329175,0.017194456620395017,1
113.4381233215332,2.4799700926788413,1.0234293937683105,0.17286383311091594,30,1,2,1800,"{'max_depth': 30, 'min_samples_leaf': 1, 'min_samples_split': 2, 'n_estimators': 1800}",0.34919414463591186,0.314599710801236,0.3331986144018163,0.3298597127932442,0.3641156979406846,0.33819357611457856,0.016994365587186977,3
114.96085739135742,5.382064592866938,0.7152626037597656,0.1236417157779942,30,1,2,2000,"{'max_depth': 30, 'min_samples_leaf': 1, 'min_samples_split': 2, 'n_estimators': 2000}",0.3480971393410281,0.3120619646530756,0.333130855427576,0.33189244928985473,0.3652399713482179,0.33808447601195046,0.01776358636730407,4
64.61617665290832,1.5205067409418234,1.0392772197723388,0.16365835966920123,,1,2,1400,"{'max_depth': None, 'min_samples_leaf': 1, 'min_samples_split': 2, 'n_estimators': 1400}",0.3483015362628943,0.31350104398827566,0.332694796236451,0.33079368115285884,0.36314691933821286,0.33768759539573856,0.01684206805804045,26
72.96169900894165,3.3066680661188586,0.7172943115234375,0.041951856182614336,,1,2,1500,"{'max_depth': None, 'min_samples_leaf': 1, 'min_samples_split': 2, 'n_estimators': 1500}",0.34774120386463486,0.31106077532690085,0.3345075041068252,0.33156953612603823,0.36398984737966406,0.33777377336081266,0.017603281207065356,24
81.45329966545106,0.5350464575305381,0.8328330039978027,0.10815711078723415,,1,2,1600,"{'max_depth': None, 'min_samples_leaf': 1, 'min_samples_split': 2, 'n_estimators': 1600}",0.34837295455743633,0.3137609272002813,0.3334035074680097,0.33246031110358115,0.3632709406770527,0.3382537282012722,0.01664479069143834,13
93.96165866851807,4.706297327142585,0.936497163772583,0.11062670922206436,,1,2,1700,"{'max_depth': None, 'min_samples_leaf': 1, 'min_samples_split': 2, 'n_estimators': 1700}",0.3473098566348349,0.3114326406163163,0.3332411921240615,0.33080439934627165,0.3643224611486868,0.33742210997403427,0.017652892753679712,30
106.22517991065979,4.0349360760650885,0.9936509132385254,0.09121623108007672,,1,2,1800,"{'max_depth': None, 'min_samples_leaf': 1, 'min_samples_split': 2, 'n_estimators': 1800}",0.3486566040864633,0.3127765090392705,0.3325212480695175,0.3290981499850432,0.36508421474961716,0.3376273451859823,0.017843249109158948,27
120.83385200500489,1.2973055026104128,1.0951534748077392,0.12157645488436422,,1,2,1900,"{'max_depth': None, 'min_samples_leaf': 1, 'min_samples_split': 2, 'n_estimators': 1900}",0.3501377077148549,0.3126188669444801,0.33270461381800037,0.33088548416179037,0.3664191178759328,0.33855315810301173,0.018310104617906622,6
126.41767883300781,1.2199606515148411,1.1199131965637208,0.13103438512476004,,1,2,2000,"{'max_depth': None, 'min_samples_leaf': 1, 'min_samples_split': 2, 'n_estimators': 2000}",0.3502875044598355,0.3127611364873718,0.3336500614533051,0.3319267195633831,0.36548802092989874,0.33882268857875886,0.01786615185223621,1
134.03332123756408,1.1501119083197655,1.3525654315948485,0.12146929102683744,,1,2,2100,"{'max_depth': None, 'min_samples_leaf': 1, 'min_samples_split': 2, 'n_estimators': 2100}",0.3491448366313281,0.31199988415397556,0.3324094976848006,0.33072239782803753,0.3666742036991136,0.33819016399945107,0.018474088681719104,16
144.07788181304932,1.899680600264595,1.5800934314727784,0.18888743868935937,,1,2,2200,"{'max_depth': None, 'min_samples_leaf': 1, 'min_samples_split': 2, 'n_estimators': 2200}",0.3480676524334953,0.31392698532298763,0.3346316771693676,0.33106237608217365,0.3654603279985596,0.33862980380131674,0.017276748740000725,5
162.032328748703,2.240104748005674,1.5083020210266114,0.3593563721692187,,1,2,2400,"{'max_depth': None, 'min_samples_leaf': 1, 'min_samples_split': 2, 'n_estimators': 2400}",0.3485808934844988,0.3123965939756356,0.33539111060736726,0.33063408645925213,0.3648656842578654,0.33837367375692384,0.017604655767107655,12
64.87257165908814,1.7251568500912067,0.3196095943450928,0.04864559613695895,10,1,2,1400,"{'max_depth': 10, 'min_samples_leaf': 1, 'min_samples_split': 2, 'n_estimators': 1400}",0.2815153935772366,0.2496305428051847,0.27934589125379744,0.26528880973004365,0.30399427827463377,0.27595498312817923,0.018085142564361244,48
66.23243417739869,0.7942441426364648,0.2984297752380371,0.012954345940937544,10,1,2,1500,"{'max_depth': 10, 'min_samples_leaf': 1, 'min_samples_split': 2, 'n_estimators': 1500}",0.2825988493376224,0.24949062821513554,0.2796746969369231,0.263304234382939,0.3037632343980665,0.2757663286541373,0.01839294234179505,50
70.91603097915649,0.88038611925122,0.3749044418334961,0.03680963549214435,10,1,2,1600,"{'max_depth': 10, 'min_samples_leaf': 1, 'min_samples_split': 2, 'n_estimators': 1600}",0.28165931546039025,0.24903292451754713,0.2799200068308135,0.2639893660059204,0.30429762929024723,0.27577984842098374,0.018543927760371743,49
76.43747720718383,0.7021043479382597,0.4014928340911865,0.047890635261196704,10,1,2,1700,"{'max_depth': 10, 'min_samples_leaf': 1, 'min_samples_split': 2, 'n_estimators': 1700}",0.282098300109547,0.2508684525886623,0.2801437477644997,0.2652169441409993,0.3031293251304721,0.27629135394683607,0.017537415574318357,45
79.77927460670472,0.6448935337963928,0.38513894081115724,0.03732171170310733,10,1,2,1800,"{'max_depth': 10, 'min_samples_leaf': 1, 'min_samples_split': 2, 'n_estimators': 1800}",0.28211522546455764,0.24951966657622524,0.2795755379457678,0.2647478653520124,0.3041312050305293,0.27601790007381843,0.018272176339238794,47
84.7779335975647,0.8820346634048991,0.4625044345855713,0.06034848985670883,10,1,2,1900,"{'max_depth': 10, 'min_samples_leaf': 1, 'min_samples_split': 2, 'n_estimators': 1900}",0.28278408917215436,0.24976096629699343,0.281215209084315,0.2651931899808521,0.3047515773579419,0.27674100637845134,0.01845212211346718,42
87.25820693969726,1.2155635088670789,0.5058723449707031,0.024785730258785624,10,1,2,2000,"{'max_depth': 10, 'min_samples_leaf': 1, 'min_samples_split': 2, 'n_estimators': 2000}",0.2834614404699323,0.249939070551192,0.2806954916759186,0.2655297983478617,0.30560916071575583,0.2770469923521321,0.01864263573479617,41
90.03954582214355,0.29695157140139694,0.48701939582824705,0.03633869411239546,10,1,2,2100,"{'max_depth': 10, 'min_samples_leaf': 1, 'min_samples_split': 2, 'n_estimators': 2100}",0.28290946330566213,0.24846216108461192,0.2802177625849888,0.2649336100999485,0.30491996035401014,0.2762885914858443,0.01888001823936861,46
94.4038390159607,0.4493571109959892,0.4748734951019287,0.016363686112976644,10,1,2,2200,"{'max_depth': 10, 'min_samples_leaf': 1, 'min_samples_split': 2, 'n_estimators': 2200}",0.281968032094052,0.24982115782548744,0.2801342493093591,0.2653757037932433,0.3053291402275679,0.276525656649942,0.018491802312563876,44
103.05127592086792,0.24212060197434923,0.5905619621276855,0.03199323899419865,10,1,2,2400,"{'max_depth': 10, 'min_samples_leaf': 1, 'min_samples_split': 2, 'n_estimators': 2400}",0.28401940692834904,0.24881264836433556,0.279330157645629,0.2649209808383746,0.30595059258650253,0.27660675727263817,0.019144162641992396,43
88.15047421455384,1.2290372756100725,0.7651738166809082,0.10090742320358677,20,1,2,1400,"{'max_depth': 20, 'min_samples_leaf': 1, 'min_samples_split': 2, 'n_estimators': 1400}",0.34469504532353334,0.31012000706053205,0.3309334284260524,0.32553852406886113,0.36284145062603024,0.3348256911010018,0.017855301390092688,40
97.4587525844574,1.667268225610736,0.8598356246948242,0.10790679571000902,20,1,2,1500,"{'max_depth': 20, 'min_samples_leaf': 1, 'min_samples_split': 2, 'n_estimators': 1500}",0.34833880706775094,0.3097305867623491,0.3317722241841585,0.32726573502415296,0.3640895826926232,0.33623938714620694,0.018575402173518843,32
103.59102687835693,1.876513272714521,0.6654939651489258,0.06672153004542505,20,1,2,1600,"{'max_depth': 20, 'min_samples_leaf': 1, 'min_samples_split': 2, 'n_estimators': 1600}",0.34717398787057174,0.30885683327036784,0.331687125787766,0.3266621872811592,0.3624344773477934,0.33536292231153164,0.01824366952195897,37
104.650998878479,0.5988305762178272,0.9737502574920655,0.13575887888483534,20,1,2,1700,"{'max_depth': 20, 'min_samples_leaf': 1, 'min_samples_split': 2, 'n_estimators': 1700}",0.34603178718634875,0.3112317571554626,0.33053272510873655,0.3277396358302949,0.364457750049984,0.33599873106616535,0.01801150103998751,34
112.07669115066528,1.1029436029574522,0.8987335681915283,0.08805653196433356,20,1,2,1800,"{'max_depth': 20, 'min_samples_leaf': 1, 'min_samples_split': 2, 'n_estimators': 1800}",0.34593445396264827,0.3110692899535281,0.330985156178256,0.32757919818663983,0.36519304688280974,0.3361522290327764,0.01826696668088839,33
116.96380443572998,1.5084499920160512,0.968471622467041,0.06365591528243064,20,1,2,1900,"{'max_depth': 20, 'min_samples_leaf': 1, 'min_samples_split': 2, 'n_estimators': 1900}",0.3463511786967308,0.30968846338515144,0.3306494935590782,0.32602860813994733,0.36351609525870904,0.33524676780792334,0.01834011526058486,38
120.90131478309631,1.3053063726851666,0.9411019802093505,0.02175044873838863,20,1,2,2000,"{'max_depth': 20, 'min_samples_leaf': 1, 'min_samples_split': 2, 'n_estimators': 2000}",0.3469061397580342,0.31073904186608037,0.33028395558904416,0.32759552577938006,0.36428331822837984,0.3359615962441837,0.018222551723971032,35
127.6048785686493,1.2735752168129677,1.0659330368041993,0.06826590985888233,20,1,2,2100,"{'max_depth': 20, 'min_samples_leaf': 1, 'min_samples_split': 2, 'n_estimators': 2100}",0.34475647731448245,0.30924331121402987,0.3311591274152372,0.32819820736633315,0.364945999137795,0.33566062448957557,0.018515902855809126,36
135.0638782978058,1.8718365700890294,1.1662752628326416,0.10851134209192607,20,1,2,2200,"{'max_depth': 20, 'min_samples_leaf': 1, 'min_samples_split': 2, 'n_estimators': 2200}",0.34771682043564284,0.3098042764681123,0.3319531001902225,0.3283149045831934,0.36343100645482246,0.3362440216263987,0.018171957981845274,31
150.11939606666564,3.039829960784302,1.3400542259216308,0.06711425124360952,20,1,2,2400,"{'max_depth': 20, 'min_samples_leaf': 1, 'min_samples_split': 2, 'n_estimators': 2400}",0.3469686822865689,0.3086875094545774,0.3296296122524337,0.32685439988862514,0.3623935208282387,0.3349067449420888,0.01833657482165871,39
92.97882947921752,2.8787424571073332,0.9203518867492676,0.12361728168666108,30,1,2,1400,"{'max_depth': 30, 'min_samples_leaf': 1, 'min_samples_split': 2, 'n_estimators': 1400}",0.3484359908853804,0.31169321481280454,0.3334150759814413,0.3309817169081231,0.3663487860066441,0.33817495691887867,0.01830155893300816,17
100.64631309509278,1.5353403053305708,0.8730419158935547,0.05902785906217702,30,1,2,1500,"{'max_depth': 30, 'min_samples_leaf': 1, 'min_samples_split': 2, 'n_estimators': 1500}",0.34863329065150445,0.3121039856530206,0.3329668184302102,0.3326276070760093,0.3647800806472479,0.3382223564915985,0.017634009521426894,15
101.39966468811035,1.597587573924926,0.8675711154937744,0.054825789318714034,30,1,2,1600,"{'max_depth': 30, 'min_samples_leaf': 1, 'min_samples_split': 2, 'n_estimators': 1600}",0.3500204227902651,0.31279031493040593,0.3324711202383453,0.3324281240765637,0.365589144964716,0.3386598254000592,0.017891993573557644,4
108.87383842468262,2.103651402319539,1.0916774272918701,0.14732263757825922,30,1,2,1700,"{'max_depth': 30, 'min_samples_leaf': 1, 'min_samples_split': 2, 'n_estimators': 1700}",0.3486255542988174,0.3107435241763974,0.33341430605240924,0.33119441103397274,0.3640838035866567,0.3376123198296507,0.01790405450511201,28
116.65179185867309,2.4556699228541365,0.976471996307373,0.03940460567594748,30,1,2,1800,"{'max_depth': 30, 'min_samples_leaf': 1, 'min_samples_split': 2, 'n_estimators': 1800}",0.34750896868739184,0.312736294978972,0.33383811019320647,0.3303638452815682,0.3660911070517734,0.3381076652385824,0.01785138537431329,19
119.33796305656433,1.7214409772691999,1.0549949645996093,0.13292899095578375,30,1,2,1900,"{'max_depth': 30, 'min_samples_leaf': 1, 'min_samples_split': 2, 'n_estimators': 1900}",0.3483050658246751,0.31250866101718267,0.33310245899524393,0.3306264059046333,0.36397946028288725,0.3377044104049244,0.017371551646935938,25
128.99470481872558,2.7369617283149243,1.282059335708618,0.2670716441397815,30,1,2,2000,"{'max_depth': 30, 'min_samples_leaf': 1, 'min_samples_split': 2, 'n_estimators': 2000}",0.34781130585674164,0.31199975946422825,0.33340601180994955,0.33107517372211687,0.3630473674806698,0.3374679236667412,0.017130599922894403,29
135.03203582763672,1.5490932272797386,1.2525258541107178,0.12452399084561372,30,1,2,2100,"{'max_depth': 30, 'min_samples_leaf': 1, 'min_samples_split': 2, 'n_estimators': 2100}",0.34698375504341433,0.3121209719529728,0.33487178456992533,0.33153358551956036,0.3647034082974587,0.3380427010766663,0.017407441472770964,20
147.19129757881166,3.077860309531921,1.3153533935546875,0.03928185250232902,30,1,2,2200,"{'max_depth': 30, 'min_samples_leaf': 1, 'min_samples_split': 2, 'n_estimators': 2200}",0.3481611830321351,0.31269337582552653,0.33377015681043015,0.33197653887771916,0.36532056334365404,0.33838436357789303,0.017569991631387498,11
164.4939901828766,1.5424273070716616,1.8919424533843994,0.26554880537474,30,1,2,2400,"{'max_depth': 30, 'min_samples_leaf': 1, 'min_samples_split': 2, 'n_estimators': 2400}",0.3489845030139485,0.31180121299451674,0.3338814112654802,0.33103792725068176,0.3648973237863929,0.338120475662204,0.017865399139661977,18
96.76049365997315,1.3381807907748706,0.9340325355529785,0.09530596797477972,40,1,2,1400,"{'max_depth': 40, 'min_samples_leaf': 1, 'min_samples_split': 2, 'n_estimators': 1400}",0.34856410695301054,0.3120401487330442,0.3338172900235817,0.331447493761611,0.3652852604931276,0.338230859992875,0.01783347185919975,14
103.37240190505982,1.0710039221395293,0.9209877014160156,0.0979977233295696,40,1,2,1500,"{'max_depth': 40, 'min_samples_leaf': 1, 'min_samples_split': 2, 'n_estimators': 1500}",0.3476298084145726,0.31300611353562807,0.3331770384144683,0.33067902137194655,0.3644626635365726,0.33779092905463765,0.01728779491648424,23
112.38898625373841,2.0942792010896767,0.9717001914978027,0.02330398637771527,40,1,2,1600,"{'max_depth': 40, 'min_samples_leaf': 1, 'min_samples_split': 2, 'n_estimators': 1600}",0.34951738209550265,0.3123746249028969,0.333954576070365,0.33085668441065214,0.3632285904992687,0.3379863715957371,0.017281106454699578,21
117.03772521018982,1.314696907906216,1.0384453296661378,0.05057628761834238,40,1,2,1700,"{'max_depth': 40, 'min_samples_leaf': 1, 'min_samples_split': 2, 'n_estimators': 1700}",0.34711126303686785,0.3129011027796982,0.33384999101594515,0.3317498037004632,0.3640510252711208,0.337932637160819,0.01701699452352742,22
126.32615323066712,3.0631753822157295,1.2348009586334228,0.13216088759062997,40,1,2,1800,"{'max_depth': 40, 'min_samples_leaf': 1, 'min_samples_split': 2, 'n_estimators': 1800}",0.34871853930178065,0.31374430965873845,0.33369969372320396,0.33178691593117493,0.36567903110296873,0.3387256979435733,0.017457469585756707,3
136.55100741386414,4.651480206144743,1.157416534423828,0.22664582215057194,40,1,2,1900,"{'max_depth': 40, 'min_samples_leaf': 1, 'min_samples_split': 2, 'n_estimators': 1900}",0.3489286349093323,0.3130657937208731,0.33398729636273156,0.33256820382786395,0.36514106999373075,0.3387381997629063,0.01743943169855327,2
980.0617198944092,851.0605754477335,198.4214548587799,394.3945005642395,40,1,2,2000,"{'max_depth': 40, 'min_samples_leaf': 1, 'min_samples_split': 2, 'n_estimators': 2000}",0.3494479604632242,0.31301981477068636,0.334387836695012,0.33068485356035143,0.36514495889301984,0.3385370848764587,0.017646705281807718,8
2485.288640165329,113.8903082864889,1.4860916614532471,0.49593464095670897,40,1,2,2100,"{'max_depth': 40, 'min_samples_leaf': 1, 'min_samples_split': 2, 'n_estimators': 2100}",0.3480405460480999,0.31394301276710096,0.3352644626074756,0.33069949367977874,0.36443125558285727,0.3384757541370625,0.016957660916040486,10
628.5357841014862,865.6398617566122,1.0588765144348145,0.07844686836470718,40,1,2,2200,"{'max_depth': 40, 'min_samples_leaf': 1, 'min_samples_split': 2, 'n_estimators': 2200}",0.34913441401225526,0.31422772033058066,0.3326193336899302,0.33193734867895985,0.36449658636301957,0.33848308061494914,0.01706286037889592,9
105.46563286781311,5.563684557977128,0.6016807556152344,0.1215404231455203,40,1,2,2400,"{'max_depth': 40, 'min_samples_leaf': 1, 'min_samples_split': 2, 'n_estimators': 2400}",0.3489581369086838,0.3138526164666317,0.3342667618453157,0.33126904624835346,0.3643388777083015,0.3385370878354572,0.017057044666420502,7
94.51268520355225,1.6651320499272586,0.898788595199585,0.10167272133126773,,1,2,2000,"{'max_depth': None, 'min_samples_leaf': 1, 'min_samples_split': 2, 'n_estimators': 2000}",0.34913428386886364,0.31236121426688385,0.33312485031932476,0.3302490468469332,0.3644596535510634,0.33786580977061376,0.017692864105537526,1
91.37888016700745,3.9558099956325803,0.6136518001556397,0.04852876470921731,,1,4,2000,"{'max_depth': None, 'min_samples_leaf': 1, 'min_samples_split': 4, 'n_estimators': 2000}",0.33569039464117917,0.3012397521166617,0.3245096250190674,0.3191291053155317,0.3537668549080835,0.32686714640010467,0.017456474741398886,4
92.97006630897522,1.7551558740594615,0.5598182201385498,0.09254794875883714,,1,6,2000,"{'max_depth': None, 'min_samples_leaf': 1, 'min_samples_split': 6, 'n_estimators': 2000}",0.3291014907620715,0.2942544133516843,0.32004550003281684,0.31110578189680643,0.3459802772967871,0.3200974926680332,0.01731882695909003,6
89.48397393226624,0.880637635136985,0.6052535533905029,0.10181310414126978,,1,8,2000,"{'max_depth': None, 'min_samples_leaf': 1, 'min_samples_split': 8, 'n_estimators': 2000}",0.3239753970685001,0.2899147418443638,0.3144339149701377,0.30755656234794043,0.3387289884096251,0.31492192092811344,0.016300843872941524,12
88.85832505226135,1.4374247337063808,0.612391996383667,0.05616718118162583,,2,2,2000,"{'max_depth': None, 'min_samples_leaf': 2, 'min_samples_split': 2, 'n_estimators': 2000}",0.3358945574673416,0.3078668748913019,0.32623319255122135,0.3176502737447782,0.35241854387771676,0.3280126885064719,0.015324292391387818,3
88.57527341842652,1.3985314525757688,0.5835832118988037,0.037576004002729084,,2,4,2000,"{'max_depth': None, 'min_samples_leaf': 2, 'min_samples_split': 4, 'n_estimators': 2000}",0.3361337565319982,0.3089175858574593,0.3266584221130032,0.3191412853763086,0.35197226373240637,0.3285646627222351,0.014721741672416194,2
87.74634609222412,1.4485767674335892,0.5288872241973877,0.03950821933781162,,2,6,2000,"{'max_depth': None, 'min_samples_leaf': 2, 'min_samples_split': 6, 'n_estimators': 2000}",0.32887976893198895,0.30238969566323853,0.3209517018936543,0.3132539946820413,0.3444058496528905,0.32197620216476275,0.014223263069089453,5
87.73989534378052,0.9680656197445532,0.5330924034118653,0.08756772414406593,,2,8,2000,"{'max_depth': None, 'min_samples_leaf': 2, 'min_samples_split': 8, 'n_estimators': 2000}",0.3234684075293586,0.2997518322031542,0.3163157665854604,0.3093260150855012,0.3395734625352984,0.3176870967877546,0.013460300955040689,8
81.90896663665771,0.9565742219914267,0.43116159439086915,0.030362078024215988,,4,2,2000,"{'max_depth': None, 'min_samples_leaf': 4, 'min_samples_split': 2, 'n_estimators': 2000}",0.32302645359319354,0.30174303836680877,0.31492109681167735,0.30951028249776785,0.33898990898312015,0.31763815605051354,0.012736016718575067,9
82.02654619216919,0.9052758533466359,0.4888955593109131,0.06900572223450716,,4,4,2000,"{'max_depth': None, 'min_samples_leaf': 4, 'min_samples_split': 4, 'n_estimators': 2000}",0.3228496447333046,0.3021867973699885,0.31478846880630434,0.30921108172686224,0.33851404184533634,0.31751000689635916,0.01249608654820524,11
82.2743574142456,0.9268349601531346,0.5739027976989746,0.030457617921638827,,4,6,2000,"{'max_depth': None, 'min_samples_leaf': 4, 'min_samples_split': 6, 'n_estimators': 2000}",0.3224760406736164,0.3021362856146877,0.3151781804038861,0.309602665275187,0.3384078472742191,0.3175602038483193,0.012374840585776292,10
84.77174091339111,1.7783341270553392,0.4880372047424316,0.05246940447973917,,4,8,2000,"{'max_depth': None, 'min_samples_leaf': 4, 'min_samples_split': 8, 'n_estimators': 2000}",0.32328817731529186,0.303402062694677,0.3155379524551834,0.3093813045780178,0.3390792029479095,0.31813773999821593,0.012374539322023717,7
73.17814226150513,1.1913323091193235,0.3691413402557373,0.024236983546287446,,8,2,2000,"{'max_depth': None, 'min_samples_leaf': 8, 'min_samples_split': 2, 'n_estimators': 2000}",0.30449351180780265,0.2858583218675743,0.2965362875706422,0.294326532071331,0.3180142024419769,0.29984577115186545,0.010851329944587018,13
71.71137223243713,0.6646394756003672,0.37684478759765627,0.021824684490813036,,8,4,2000,"{'max_depth': None, 'min_samples_leaf': 8, 'min_samples_split': 4, 'n_estimators': 2000}",0.3047602363156645,0.2861106637100869,0.29605018483161727,0.2942057375934973,0.31809826397262375,0.2998450172846979,0.010882785394076496,14
71.14294037818908,0.6388099172192819,0.33913207054138184,0.027625533452328734,,8,6,2000,"{'max_depth': None, 'min_samples_leaf': 8, 'min_samples_split': 6, 'n_estimators': 2000}",0.30577132820577746,0.28504028705378776,0.2960805462371537,0.2943853887526448,0.3177384939868369,0.2998032088472401,0.011121580401021397,16
70.07634329795837,0.8640511878935544,0.2343148708343506,0.03505585413749972,,8,8,2000,"{'max_depth': None, 'min_samples_leaf': 8, 'min_samples_split': 8, 'n_estimators': 2000}",0.30575557771916767,0.285670051096754,0.29531327116489503,0.2942658084705833,0.3180721788992555,0.2998153774701311,0.011133316782476631,15
